id,price
0,13566407.432155557
1,13566407.432155557
2,13566407.432155557
3,13566407.432155557
4,13566407.432155557
5,13566407.432155557
6,13566407.432155557
7,13566407.432155557
8,13566407.432155557
9,13566407.432155557
10,13566407.432155557
11,13566407.432155557
12,13566407.432155557
13,13566407.432155557
14,13566407.432155557
15,13566407.432155557
16,13566407.432155557
17,13566407.432155557
18,13566407.432155557
19,13566407.432155557
20,13566407.432155557
21,13566407.432155557
22,13566407.432155557
23,13566407.432155557
24,13566407.432155557
25,13566407.432155557
26,13566407.432155557
27,13566407.432155557
28,13566407.432155557
29,13566407.432155557
30,13566407.432155557
31,13566407.432155557
32,13566407.432155557
33,13566407.432155557
34,13566407.432155557
35,13566407.432155557
36,13566407.432155557
37,13566407.432155557
38,13566407.432155557
39,13566407.432155557
40,13566407.432155557
41,13566407.432155557
42,13566407.432155557
43,13566407.432155557
44,13566407.432155557
45,13566407.432155557
46,13566407.432155557
47,13566407.432155557
48,13566407.432155557
49,13566407.432155557
50,13566407.432155557
51,13566407.432155557
52,13566407.432155557
53,13566407.432155557
54,13566407.432155557
55,13566407.432155557
56,13566407.432155557
57,13566407.432155557
58,13566407.432155557
59,13566407.432155557
60,13566407.432155557
61,13566407.432155557
62,13566407.432155557
63,13566407.432155557
64,13566407.432155557
65,13566407.432155557
66,13566407.432155557
67,13566407.432155557
68,13566407.432155557
69,13566407.432155557
70,13566407.432155557
71,13566407.432155557
72,13566407.432155557
73,13566407.432155557
74,13566407.432155557
75,13566407.432155557
76,13566407.432155557
77,13566407.432155557
78,13566407.432155557
79,13566407.432155557
80,13566407.432155557
81,13566407.432155557
82,13566407.432155557
83,13566407.432155557
84,13566407.432155557
85,13566407.432155557
86,13566407.432155557
87,13566407.432155557
88,13566407.432155557
89,13566407.432155557
90,13566407.432155557
91,13566407.432155557
92,13566407.432155557
93,13566407.432155557
94,13566407.432155557
95,13566407.432155557
96,13566407.432155557
97,13566407.432155557
98,13566407.432155557
99,13566407.432155557
100,13566407.432155557
101,13566407.432155557
102,13566407.432155557
103,13566407.432155557
104,13566407.432155557
105,13566407.432155557
106,13566407.432155557
107,13566407.432155557
108,13566407.432155557
109,13566407.432155557
110,13566407.432155557
111,13566407.432155557
112,13566407.432155557
113,13566407.432155557
114,13566407.432155557
115,13566407.432155557
116,13566407.432155557
117,13566407.432155557
118,13566407.432155557
119,13566407.432155557
120,13566407.432155557
121,13566407.432155557
122,13566407.432155557
123,13566407.432155557
124,13566407.432155557
125,13566407.432155557
126,13566407.432155557
127,13566407.432155557
128,13566407.432155557
129,13566407.432155557
130,13566407.432155557
131,13566407.432155557
132,13566407.432155557
133,13566407.432155557
134,13566407.432155557
135,13566407.432155557
136,13566407.432155557
137,13566407.432155557
138,13566407.432155557
139,13566407.432155557
140,13566407.432155557
141,13566407.432155557
142,13566407.432155557
143,13566407.432155557
144,13566407.432155557
145,13566407.432155557
146,13566407.432155557
147,13566407.432155557
148,13566407.432155557
149,13566407.432155557
150,13566407.432155557
151,13566407.432155557
152,13566407.432155557
153,13566407.432155557
154,13566407.432155557
155,13566407.432155557
156,13566407.432155557
157,13566407.432155557
158,13566407.432155557
159,13566407.432155557
160,13566407.432155557
161,13566407.432155557
162,13566407.432155557
163,13566407.432155557
164,13566407.432155557
165,13566407.432155557
166,13566407.432155557
167,13566407.432155557
168,13566407.432155557
169,13566407.432155557
170,13566407.432155557
171,13566407.432155557
172,13566407.432155557
173,13566407.432155557
174,13566407.432155557
175,13566407.432155557
176,13566407.432155557
177,13566407.432155557
178,13566407.432155557
179,13566407.432155557
180,13566407.432155557
181,13566407.432155557
182,13566407.432155557
183,13566407.432155557
184,13566407.432155557
185,13566407.432155557
186,13566407.432155557
187,13566407.432155557
188,13566407.432155557
189,13566407.432155557
190,13566407.432155557
191,13566407.432155557
192,13566407.432155557
193,13566407.432155557
194,13566407.432155557
195,13566407.432155557
196,13566407.432155557
197,13566407.432155557
198,13566407.432155557
199,13566407.432155557
200,13566407.432155557
201,13566407.432155557
202,13566407.432155557
203,13566407.432155557
204,13566407.432155557
205,13566407.432155557
206,13566407.432155557
207,13566407.432155557
208,13566407.432155557
209,13566407.432155557
210,13566407.432155557
211,13566407.432155557
212,13566407.432155557
213,13566407.432155557
214,13566407.432155557
215,13566407.432155557
216,13566407.432155557
217,13566407.432155557
218,13566407.432155557
219,13566407.432155557
220,13566407.432155557
221,13566407.432155557
222,13566407.432155557
223,13566407.432155557
224,13566407.432155557
225,13566407.432155557
226,13566407.432155557
227,13566407.432155557
228,13566407.432155557
229,13566407.432155557
230,13566407.432155557
231,13566407.432155557
232,13566407.432155557
233,13566407.432155557
234,13566407.432155557
235,13566407.432155557
236,13566407.432155557
237,13566407.432155557
238,13566407.432155557
239,13566407.432155557
240,13566407.432155557
241,13566407.432155557
242,13566407.432155557
243,13566407.432155557
244,13566407.432155557
245,13566407.432155557
246,13566407.432155557
247,13566407.432155557
248,13566407.432155557
249,13566407.432155557
250,13566407.432155557
251,13566407.432155557
252,13566407.432155557
253,13566407.432155557
254,13566407.432155557
255,13566407.432155557
256,13566407.432155557
257,13566407.432155557
258,13566407.432155557
259,13566407.432155557
260,13566407.432155557
261,13566407.432155557
262,13566407.432155557
263,13566407.432155557
264,13566407.432155557
265,13566407.432155557
266,13566407.432155557
267,13566407.432155557
268,13566407.432155557
269,13566407.432155557
270,13566407.432155557
271,13566407.432155557
272,13566407.432155557
273,13566407.432155557
274,13566407.432155557
275,13566407.432155557
276,13566407.432155557
277,13566407.432155557
278,13566407.432155557
279,13566407.432155557
280,13566407.432155557
281,13566407.432155557
282,13566407.432155557
283,13566407.432155557
284,13566407.432155557
285,13566407.432155557
286,13566407.432155557
287,13566407.432155557
288,13566407.432155557
289,13566407.432155557
290,13566407.432155557
291,13566407.432155557
292,13566407.432155557
293,13566407.432155557
294,13566407.432155557
295,13566407.432155557
296,13566407.432155557
297,13566407.432155557
298,13566407.432155557
299,13566407.432155557
300,13566407.432155557
301,13566407.432155557
302,13566407.432155557
303,13566407.432155557
304,13566407.432155557
305,13566407.432155557
306,13566407.432155557
307,13566407.432155557
308,13566407.432155557
309,13566407.432155557
310,13566407.432155557
311,13566407.432155557
312,13566407.432155557
313,13566407.432155557
314,13566407.432155557
315,13566407.432155557
316,13566407.432155557
317,13566407.432155557
318,13566407.432155557
319,13566407.432155557
320,13566407.432155557
321,13566407.432155557
322,13566407.432155557
323,13566407.432155557
324,13566407.432155557
325,13566407.432155557
326,13566407.432155557
327,13566407.432155557
328,13566407.432155557
329,13566407.432155557
330,13566407.432155557
331,13566407.432155557
332,13566407.432155557
333,13566407.432155557
334,13566407.432155557
335,13566407.432155557
336,13566407.432155557
337,13566407.432155557
338,13566407.432155557
339,13566407.432155557
340,13566407.432155557
341,13566407.432155557
342,13566407.432155557
343,13566407.432155557
344,13566407.432155557
345,13566407.432155557
346,13566407.432155557
347,13566407.432155557
348,13566407.432155557
349,13566407.432155557
350,13566407.432155557
351,13566407.432155557
352,13566407.432155557
353,13566407.432155557
354,13566407.432155557
355,13566407.432155557
356,13566407.432155557
357,13566407.432155557
358,13566407.432155557
359,13566407.432155557
360,13566407.432155557
361,13566407.432155557
362,13566407.432155557
363,13566407.432155557
364,13566407.432155557
365,13566407.432155557
366,13566407.432155557
367,13566407.432155557
368,13566407.432155557
369,13566407.432155557
370,13566407.432155557
371,13566407.432155557
372,13566407.432155557
373,13566407.432155557
374,13566407.432155557
375,13566407.432155557
376,13566407.432155557
377,13566407.432155557
378,13566407.432155557
379,13566407.432155557
380,13566407.432155557
381,13566407.432155557
382,13566407.432155557
383,13566407.432155557
384,13566407.432155557
385,13566407.432155557
386,13566407.432155557
387,13566407.432155557
388,13566407.432155557
389,13566407.432155557
390,13566407.432155557
391,13566407.432155557
392,13566407.432155557
393,13566407.432155557
394,13566407.432155557
395,13566407.432155557
396,13566407.432155557
397,13566407.432155557
398,13566407.432155557
399,13566407.432155557
400,13566407.432155557
401,13566407.432155557
402,13566407.432155557
403,13566407.432155557
404,13566407.432155557
405,13566407.432155557
406,13566407.432155557
407,13566407.432155557
408,13566407.432155557
409,13566407.432155557
410,13566407.432155557
411,13566407.432155557
412,13566407.432155557
413,13566407.432155557
414,13566407.432155557
415,13566407.432155557
416,13566407.432155557
417,13566407.432155557
418,13566407.432155557
419,13566407.432155557
420,13566407.432155557
421,13566407.432155557
422,13566407.432155557
423,13566407.432155557
424,13566407.432155557
425,13566407.432155557
426,13566407.432155557
427,13566407.432155557
428,13566407.432155557
429,13566407.432155557
430,13566407.432155557
431,13566407.432155557
432,13566407.432155557
433,13566407.432155557
434,13566407.432155557
435,13566407.432155557
436,13566407.432155557
437,13566407.432155557
438,13566407.432155557
439,13566407.432155557
440,13566407.432155557
441,13566407.432155557
442,13566407.432155557
443,13566407.432155557
444,13566407.432155557
445,13566407.432155557
446,13566407.432155557
447,13566407.432155557
448,13566407.432155557
449,13566407.432155557
450,13566407.432155557
451,13566407.432155557
452,13566407.432155557
453,13566407.432155557
454,13566407.432155557
455,13566407.432155557
456,13566407.432155557
457,13566407.432155557
458,13566407.432155557
459,13566407.432155557
460,13566407.432155557
461,13566407.432155557
462,13566407.432155557
463,13566407.432155557
464,13566407.432155557
465,13566407.432155557
466,13566407.432155557
467,13566407.432155557
468,13566407.432155557
469,13566407.432155557
470,13566407.432155557
471,13566407.432155557
472,13566407.432155557
473,13566407.432155557
474,13566407.432155557
475,13566407.432155557
476,13566407.432155557
477,13566407.432155557
478,13566407.432155557
479,13566407.432155557
480,13566407.432155557
481,13566407.432155557
482,13566407.432155557
483,13566407.432155557
484,13566407.432155557
485,13566407.432155557
486,13566407.432155557
487,13566407.432155557
488,13566407.432155557
489,13566407.432155557
490,13566407.432155557
491,13566407.432155557
492,13566407.432155557
493,13566407.432155557
494,13566407.432155557
495,13566407.432155557
496,13566407.432155557
497,13566407.432155557
498,13566407.432155557
499,13566407.432155557
500,13566407.432155557
501,13566407.432155557
502,13566407.432155557
503,13566407.432155557
504,13566407.432155557
505,13566407.432155557
506,13566407.432155557
507,13566407.432155557
508,13566407.432155557
509,13566407.432155557
510,13566407.432155557
511,13566407.432155557
512,13566407.432155557
513,13566407.432155557
514,13566407.432155557
515,13566407.432155557
516,13566407.432155557
517,13566407.432155557
518,13566407.432155557
519,13566407.432155557
520,13566407.432155557
521,13566407.432155557
522,13566407.432155557
523,13566407.432155557
524,13566407.432155557
525,13566407.432155557
526,13566407.432155557
527,13566407.432155557
528,13566407.432155557
529,13566407.432155557
530,13566407.432155557
531,13566407.432155557
532,13566407.432155557
533,13566407.432155557
534,13566407.432155557
535,13566407.432155557
536,13566407.432155557
537,13566407.432155557
538,13566407.432155557
539,13566407.432155557
540,13566407.432155557
541,13566407.432155557
542,13566407.432155557
543,13566407.432155557
544,13566407.432155557
545,13566407.432155557
546,13566407.432155557
547,13566407.432155557
548,13566407.432155557
549,13566407.432155557
550,13566407.432155557
551,13566407.432155557
552,13566407.432155557
553,13566407.432155557
554,13566407.432155557
555,13566407.432155557
556,13566407.432155557
557,13566407.432155557
558,13566407.432155557
559,13566407.432155557
560,13566407.432155557
561,13566407.432155557
562,13566407.432155557
563,13566407.432155557
564,13566407.432155557
565,13566407.432155557
566,13566407.432155557
567,13566407.432155557
568,13566407.432155557
569,13566407.432155557
570,13566407.432155557
571,13566407.432155557
572,13566407.432155557
573,13566407.432155557
574,13566407.432155557
575,13566407.432155557
576,13566407.432155557
577,13566407.432155557
578,13566407.432155557
579,13566407.432155557
580,13566407.432155557
581,13566407.432155557
582,13566407.432155557
583,13566407.432155557
584,13566407.432155557
585,13566407.432155557
586,13566407.432155557
587,13566407.432155557
588,13566407.432155557
589,13566407.432155557
590,13566407.432155557
591,13566407.432155557
592,13566407.432155557
593,13566407.432155557
594,13566407.432155557
595,13566407.432155557
596,13566407.432155557
597,13566407.432155557
598,13566407.432155557
599,13566407.432155557
600,13566407.432155557
601,13566407.432155557
602,13566407.432155557
603,13566407.432155557
604,13566407.432155557
605,13566407.432155557
606,13566407.432155557
607,13566407.432155557
608,13566407.432155557
609,13566407.432155557
610,13566407.432155557
611,13566407.432155557
612,13566407.432155557
613,13566407.432155557
614,13566407.432155557
615,13566407.432155557
616,13566407.432155557
617,13566407.432155557
618,13566407.432155557
619,13566407.432155557
620,13566407.432155557
621,13566407.432155557
622,13566407.432155557
623,13566407.432155557
624,13566407.432155557
625,13566407.432155557
626,13566407.432155557
627,13566407.432155557
628,13566407.432155557
629,13566407.432155557
630,13566407.432155557
631,13566407.432155557
632,13566407.432155557
633,13566407.432155557
634,13566407.432155557
635,13566407.432155557
636,13566407.432155557
637,13566407.432155557
638,13566407.432155557
639,13566407.432155557
640,13566407.432155557
641,13566407.432155557
642,13566407.432155557
643,13566407.432155557
644,13566407.432155557
645,13566407.432155557
646,13566407.432155557
647,13566407.432155557
648,13566407.432155557
649,13566407.432155557
650,13566407.432155557
651,13566407.432155557
652,13566407.432155557
653,13566407.432155557
654,13566407.432155557
655,13566407.432155557
656,13566407.432155557
657,13566407.432155557
658,13566407.432155557
659,13566407.432155557
660,13566407.432155557
661,13566407.432155557
662,13566407.432155557
663,13566407.432155557
664,13566407.432155557
665,13566407.432155557
666,13566407.432155557
667,13566407.432155557
668,13566407.432155557
669,13566407.432155557
670,13566407.432155557
671,13566407.432155557
672,13566407.432155557
673,13566407.432155557
674,13566407.432155557
675,13566407.432155557
676,13566407.432155557
677,13566407.432155557
678,13566407.432155557
679,13566407.432155557
680,13566407.432155557
681,13566407.432155557
682,13566407.432155557
683,13566407.432155557
684,13566407.432155557
685,13566407.432155557
686,13566407.432155557
687,13566407.432155557
688,13566407.432155557
689,13566407.432155557
690,13566407.432155557
691,13566407.432155557
692,13566407.432155557
693,13566407.432155557
694,13566407.432155557
695,13566407.432155557
696,13566407.432155557
697,13566407.432155557
698,13566407.432155557
699,13566407.432155557
700,13566407.432155557
701,13566407.432155557
702,13566407.432155557
703,13566407.432155557
704,13566407.432155557
705,13566407.432155557
706,13566407.432155557
707,13566407.432155557
708,13566407.432155557
709,13566407.432155557
710,13566407.432155557
711,13566407.432155557
712,13566407.432155557
713,13566407.432155557
714,13566407.432155557
715,13566407.432155557
716,13566407.432155557
717,13566407.432155557
718,13566407.432155557
719,13566407.432155557
720,13566407.432155557
721,13566407.432155557
722,13566407.432155557
723,13566407.432155557
724,13566407.432155557
725,13566407.432155557
726,13566407.432155557
727,13566407.432155557
728,13566407.432155557
729,13566407.432155557
730,13566407.432155557
731,13566407.432155557
732,13566407.432155557
733,13566407.432155557
734,13566407.432155557
735,13566407.432155557
736,13566407.432155557
737,13566407.432155557
738,13566407.432155557
739,13566407.432155557
740,13566407.432155557
741,13566407.432155557
742,13566407.432155557
743,13566407.432155557
744,13566407.432155557
745,13566407.432155557
746,13566407.432155557
747,13566407.432155557
748,13566407.432155557
749,13566407.432155557
750,13566407.432155557
751,13566407.432155557
752,13566407.432155557
753,13566407.432155557
754,13566407.432155557
755,13566407.432155557
756,13566407.432155557
757,13566407.432155557
758,13566407.432155557
759,13566407.432155557
760,13566407.432155557
761,13566407.432155557
762,13566407.432155557
763,13566407.432155557
764,13566407.432155557
765,13566407.432155557
766,13566407.432155557
767,13566407.432155557
768,13566407.432155557
769,13566407.432155557
770,13566407.432155557
771,13566407.432155557
772,13566407.432155557
773,13566407.432155557
774,13566407.432155557
775,13566407.432155557
776,13566407.432155557
777,13566407.432155557
778,13566407.432155557
779,13566407.432155557
780,13566407.432155557
781,13566407.432155557
782,13566407.432155557
783,13566407.432155557
784,13566407.432155557
785,13566407.432155557
786,13566407.432155557
787,13566407.432155557
788,13566407.432155557
789,13566407.432155557
790,13566407.432155557
791,13566407.432155557
792,13566407.432155557
793,13566407.432155557
794,13566407.432155557
795,13566407.432155557
796,13566407.432155557
797,13566407.432155557
798,13566407.432155557
799,13566407.432155557
800,13566407.432155557
801,13566407.432155557
802,13566407.432155557
803,13566407.432155557
804,13566407.432155557
805,13566407.432155557
806,13566407.432155557
807,13566407.432155557
808,13566407.432155557
809,13566407.432155557
810,13566407.432155557
811,13566407.432155557
812,13566407.432155557
813,13566407.432155557
814,13566407.432155557
815,13566407.432155557
816,13566407.432155557
817,13566407.432155557
818,13566407.432155557
819,13566407.432155557
820,13566407.432155557
821,13566407.432155557
822,13566407.432155557
823,13566407.432155557
824,13566407.432155557
825,13566407.432155557
826,13566407.432155557
827,13566407.432155557
828,13566407.432155557
829,13566407.432155557
830,13566407.432155557
831,13566407.432155557
832,13566407.432155557
833,13566407.432155557
834,13566407.432155557
835,13566407.432155557
836,13566407.432155557
837,13566407.432155557
838,13566407.432155557
839,13566407.432155557
840,13566407.432155557
841,13566407.432155557
842,13566407.432155557
843,13566407.432155557
844,13566407.432155557
845,13566407.432155557
846,13566407.432155557
847,13566407.432155557
848,13566407.432155557
849,13566407.432155557
850,13566407.432155557
851,13566407.432155557
852,13566407.432155557
853,13566407.432155557
854,13566407.432155557
855,13566407.432155557
856,13566407.432155557
857,13566407.432155557
858,13566407.432155557
859,13566407.432155557
860,13566407.432155557
861,13566407.432155557
862,13566407.432155557
863,13566407.432155557
864,13566407.432155557
865,13566407.432155557
866,13566407.432155557
867,13566407.432155557
868,13566407.432155557
869,13566407.432155557
870,13566407.432155557
871,13566407.432155557
872,13566407.432155557
873,13566407.432155557
874,13566407.432155557
875,13566407.432155557
876,13566407.432155557
877,13566407.432155557
878,13566407.432155557
879,13566407.432155557
880,13566407.432155557
881,13566407.432155557
882,13566407.432155557
883,13566407.432155557
884,13566407.432155557
885,13566407.432155557
886,13566407.432155557
887,13566407.432155557
888,13566407.432155557
889,13566407.432155557
890,13566407.432155557
891,13566407.432155557
892,13566407.432155557
893,13566407.432155557
894,13566407.432155557
895,13566407.432155557
896,13566407.432155557
897,13566407.432155557
898,13566407.432155557
899,13566407.432155557
900,13566407.432155557
901,13566407.432155557
902,13566407.432155557
903,13566407.432155557
904,13566407.432155557
905,13566407.432155557
906,13566407.432155557
907,13566407.432155557
908,13566407.432155557
909,13566407.432155557
910,13566407.432155557
911,13566407.432155557
912,13566407.432155557
913,13566407.432155557
914,13566407.432155557
915,13566407.432155557
916,13566407.432155557
917,13566407.432155557
918,13566407.432155557
919,13566407.432155557
920,13566407.432155557
921,13566407.432155557
922,13566407.432155557
923,13566407.432155557
924,13566407.432155557
925,13566407.432155557
926,13566407.432155557
927,13566407.432155557
928,13566407.432155557
929,13566407.432155557
930,13566407.432155557
931,13566407.432155557
932,13566407.432155557
933,13566407.432155557
934,13566407.432155557
935,13566407.432155557
936,13566407.432155557
937,13566407.432155557
938,13566407.432155557
939,13566407.432155557
940,13566407.432155557
941,13566407.432155557
942,13566407.432155557
943,13566407.432155557
944,13566407.432155557
945,13566407.432155557
946,13566407.432155557
947,13566407.432155557
948,13566407.432155557
949,13566407.432155557
950,13566407.432155557
951,13566407.432155557
952,13566407.432155557
953,13566407.432155557
954,13566407.432155557
955,13566407.432155557
956,13566407.432155557
957,13566407.432155557
958,13566407.432155557
959,13566407.432155557
960,13566407.432155557
961,13566407.432155557
962,13566407.432155557
963,13566407.432155557
964,13566407.432155557
965,13566407.432155557
966,13566407.432155557
967,13566407.432155557
968,13566407.432155557
969,13566407.432155557
970,13566407.432155557
971,13566407.432155557
972,13566407.432155557
973,13566407.432155557
974,13566407.432155557
975,13566407.432155557
976,13566407.432155557
977,13566407.432155557
978,13566407.432155557
979,13566407.432155557
980,13566407.432155557
981,13566407.432155557
982,13566407.432155557
983,13566407.432155557
984,13566407.432155557
985,13566407.432155557
986,13566407.432155557
987,13566407.432155557
988,13566407.432155557
989,13566407.432155557
990,13566407.432155557
991,13566407.432155557
992,13566407.432155557
993,13566407.432155557
994,13566407.432155557
995,13566407.432155557
996,13566407.432155557
997,13566407.432155557
998,13566407.432155557
999,13566407.432155557
